<?xml version="1.0" encoding="UTF-8"?>
<jcr:root xmlns:sling="http://sling.apache.org/jcr/sling/1.0" xmlns:granite="http://www.adobe.com/jcr/granite/1.0" xmlns:cq="http://www.day.com/jcr/cq/1.0" xmlns:jcr="http://www.jcp.org/jcr/1.0" xmlns:nt="http://www.jcp.org/jcr/nt/1.0"
    jcr:primaryType="nt:unstructured"
    jcr:title=""
    sling:resourceType="cq/gui/components/authoring/dialog">
    <content
        jcr:primaryType="nt:unstructured"
        sling:resourceType="granite/ui/components/coral/foundation/container">
        <items jcr:primaryType="nt:unstructured">
            <accordion
                jcr:primaryType="nt:unstructured"
                sling:resourceType="granite/ui/components/coral/foundation/accordion">
                <items jcr:primaryType="nt:unstructured">
                    <basic
                        jcr:primaryType="nt:unstructured"
                        jcr:title="Basic"
                        sling:resourceType="granite/ui/components/coral/foundation/container">
                        <items jcr:primaryType="nt:unstructured">
                            <value
                                granite:class="plainTextValue"
                                jcr:primaryType="nt:unstructured"
                                sling:orderBefore="guideGlobalLazyField"
                                sling:resourceType="granite/ui/components/coral/foundation/form/textfield"
                                fieldLabel="Default Value"
                                name="./_value"/>
                            <richTextValue
                                jcr:primaryType="nt:unstructured"
                                sling:orderBefore="guideGlobalLazyField"
                                sling:resourceType="cq/gui/components/authoring/dialog/richtext"
                                fieldLabel="Default Value"
                                name="./_richTextValue@Delete"
                                useFixedInlineToolbar="{Boolean}true">
                                <rtePlugins jcr:primaryType="nt:unstructured">
                                    <links jcr:primaryType="nt:unstructured">
                                        <linkDialogConfig
                                            jcr:primaryType="nt:unstructured"
                                            height="{Long}316">
                                            <linkAttributes jcr:primaryType="cq:WidgetCollection"/>
                                        </linkDialogConfig>
                                    </links>
                                    <format
                                        jcr:primaryType="nt:unstructured"
                                        features="*"/>
                                    <lists
                                        jcr:primaryType="nt:unstructured"
                                        features="*"/>
                                    <justify
                                        jcr:primaryType="nt:unstructured"
                                        features="*"/>
                                    <keys
                                        jcr:primaryType="nt:unstructured"
                                        features="*"/>
                                    <paraformat
                                        jcr:primaryType="nt:unstructured"
                                        features="*"/>
                                    <misctools
                                        jcr:primaryType="nt:unstructured"
                                        features="*"/>
                                    <fullscreen
                                        jcr:primaryType="nt:unstructured"
                                        features="*"/>
                                </rtePlugins>
                                <uiSettings jcr:primaryType="nt:unstructured">
                                    <cui jcr:primaryType="nt:unstructured">
                                        <inline
                                            jcr:primaryType="nt:unstructured"
                                            toolbar="[format#bold,format#italic,format#underline,fullscreen#start]">
                                            <popovers jcr:primaryType="nt:unstructured">
                                                <justify
                                                    jcr:primaryType="nt:unstructured"
                                                    items="[justify#justifyleft,justify#justifycenter,justify#justifyright]"
                                                    ref="justify"/>
                                                <lists
                                                    jcr:primaryType="nt:unstructured"
                                                    items="[lists#unordered,lists#ordered,lists#outdent,lists#indent]"
                                                    ref="lists"/>
                                            </popovers>
                                        </inline>
                                        <fullscreen
                                            jcr:primaryType="nt:unstructured"
                                            toolbar="[format#bold,format#italic,format#underline,subsuperscript#subscript,subsuperscript#superscript,-,links#modifylink,links#unlink,links#anchor,tracklinks#modifylinktracking,-,justify#justifyleft,justify#justifycenter,justify#justifyright,-,image#imageProps,-,lists#unordered,lists#ordered,lists#outdent,lists#indent,-,misctools#sourceedit,fullscreen#finish]">
                                            <popovers jcr:primaryType="nt:unstructured">
                                                <styles
                                                    jcr:primaryType="nt:unstructured"
                                                    items="styles:getStyles:styles-pulldown"
                                                    ref="styles"/>
                                                <paraformat
                                                    jcr:primaryType="nt:unstructured"
                                                    items="paraformat:getFormats:paraformat-pulldown"
                                                    ref="paraformat"/>
                                            </popovers>
                                        </fullscreen>
                                    </cui>
                                </uiSettings>
                            </richTextValue>
                            <multiLine
                                jcr:primaryType="nt:unstructured"
                                sling:orderBefore="guideGlobalLazyField"
                                sling:resourceType="granite/ui/components/coral/foundation/form/checkbox"
                                name="./multiLine"
                                text="Allow multiple lines"
                                value="true"/>
                            <allowRichText
                                jcr:primaryType="nt:unstructured"
                                sling:orderBefore="guideGlobalLazyField"
                                sling:resourceType="granite/ui/components/coral/foundation/form/checkbox"
                                name="./allowRichText"
                                text="Allow Rich Text"
                                value="true">
                                <granite:data
                                    jcr:primaryType="nt:unstructured"
                                    af.listeners.change="guidelib.touchlib.editLayer.dialogUtils.setDefaultTextBoxValue();"
                                    af.listeners.onload="guidelib.touchlib.editLayer.dialogUtils.setDefaultTextBoxValue();"/>
                            </allowRichText>
                            <autocomplete
                                jcr:primaryType="nt:unstructured"
                                sling:orderBefore="guideGlobalLazyField"
                                sling:resourceType="granite/ui/components/coral/foundation/form/checkbox"
                                name="./autocomplete"
                                text="Enable autocompletion of information"
                                value="true">
                                <granite:data
                                    jcr:primaryType="nt:unstructured"
                                    af.listeners.change="guidelib.touchlib.editLayer.dialogUtils.showHideAutofillFieldKeyword(&quot;autocomplete&quot;);"
                                    af.listeners.onload="guidelib.touchlib.editLayer.dialogUtils.showHideAutofillFieldKeyword(&quot;autocomplete&quot;);"/>
                            </autocomplete>
                            <autofillFieldKeyword
                                jcr:primaryType="nt:unstructured"
                                sling:orderBefore="guideGlobalLazyField"
                                sling:resourceType="granite/ui/components/coral/foundation/form/autocomplete"
                                fieldLabel="Keyword for autofill"
                                forceSelection="{Boolean}true"
                                name="./autofillFieldKeyword"
                                value="name">
                                <options
                                    jcr:primaryType="nt:unstructured"
                                    sling:resourceType="granite/ui/components/coral/foundation/form/autocomplete/list"/>
                                <items jcr:primaryType="nt:unstructured">
                                    <name
                                        jcr:primaryType="nt:unstructured"
                                        text="name"
                                        value="name"/>
                                    <first_x0020_name
                                        jcr:primaryType="nt:unstructured"
                                        text="given-name"
                                        value="given-name"/>
                                    <address
                                        jcr:primaryType="nt:unstructured"
                                        text="street-address"
                                        value="street-address"/>
                                    <zip
                                        jcr:primaryType="nt:unstructured"
                                        text="postal-code"
                                        value="postal-code"/>
                                    <card_x0020_name
                                        jcr:primaryType="nt:unstructured"
                                        text="cc-name"
                                        value="cc-name"/>
                                    <middle_x0020_name
                                        jcr:primaryType="nt:unstructured"
                                        text="additional-name"
                                        value="additional-name"/>
                                    <last_x0020_name
                                        jcr:primaryType="nt:unstructured"
                                        text="family-name"
                                        value="family-name"/>
                                    <address-line1
                                        jcr:primaryType="nt:unstructured"
                                        text="address-line1"
                                        value="address-line1"/>
                                    <address-line2
                                        jcr:primaryType="nt:unstructured"
                                        text="address-line2"
                                        value="address-line2"/>
                                    <address-level1
                                        jcr:primaryType="nt:unstructured"
                                        text="address-level1"
                                        value="address-level1"/>
                                    <address-level2
                                        jcr:primaryType="nt:unstructured"
                                        text="address-level2"
                                        value="address-level2"/>
                                    <country
                                        jcr:primaryType="nt:unstructured"
                                        text="country"
                                        value="country"/>
                                    <cc-name
                                        jcr:primaryType="nt:unstructured"
                                        text="cc-name"
                                        value="cc-name"/>
                                    <cc-number
                                        jcr:primaryType="nt:unstructured"
                                        text="cc-number"
                                        value="cc-number"/>
                                    <cc-csc
                                        jcr:primaryType="nt:unstructured"
                                        text="cc-csc"
                                        value="cc-csc"/>
                                    <cc-exp-month
                                        jcr:primaryType="nt:unstructured"
                                        text="cc-exp-month"
                                        value="cc-exp-month"/>
                                    <cc-exp-year
                                        jcr:primaryType="nt:unstructured"
                                        text="cc-exp-year"
                                        value="cc-exp-year"/>
                                    <cc-exp
                                        jcr:primaryType="nt:unstructured"
                                        text="cc-exp"
                                        value="cc-exp"/>
                                    <cc-type
                                        jcr:primaryType="nt:unstructured"
                                        text="cc-type"
                                        value="cc-type"/>
                                </items>
                            </autofillFieldKeyword>
                            <maxChars
                                jcr:primaryType="nt:unstructured"
                                sling:orderBefore="guideGlobalLazyField"
                                sling:resourceType="granite/ui/components/coral/foundation/form/numberfield"
                                defaultValue=""
                                fieldLabel="Maximum Characters Allowed"
                                min="0"
                                name="./maxChars"/>
                            <minLength
                                jcr:primaryType="nt:unstructured"
                                sling:orderBefore="guideGlobalLazyField"
                                sling:resourceType="granite/ui/components/coral/foundation/form/numberfield"
                                defaultValue=""
                                fieldLabel="Minimum Number of Characters"
                                min="0"
                                name="./minLength"/>
                            <length
                                jcr:primaryType="nt:unstructured"
                                sling:orderBefore="guideGlobalLazyField"
                                sling:resourceType="granite/ui/components/coral/foundation/form/numberfield"
                                defaultValue=""
                                fieldDescription="The exact number of characters allowed."
                                fieldLabel="Exact number of characters"
                                min="0"
                                name="./length"/>
                        </items>
                    </basic>
                    <help
                        jcr:primaryType="nt:unstructured"
                        jcr:title="Help Content"
                        sling:resourceType="granite/ui/components/coral/foundation/container"/>
                    <accessibility jcr:primaryType="nt:unstructured"/>
                    <patterns
                        jcr:primaryType="nt:unstructured"
                        sling:resourceType="granite/ui/components/coral/foundation/container">
                        <items jcr:primaryType="nt:unstructured">
                            <displayPatternGroup
                                jcr:primaryType="nt:unstructured"
                                jcr:title="Display Pattern"
                                sling:resourceType="fd/af/authoring/components/granite/form/fieldset"
                                title="Display Pattern">
                                <items jcr:primaryType="nt:unstructured">
                                    <displayPatternType
                                        jcr:primaryType="nt:unstructured"
                                        sling:resourceType="granite/ui/components/coral/foundation/form/select"
                                        fieldLabel="Type"
                                        name="./displayPatternType">
                                        <datasource
                                            jcr:primaryType="nt:unstructured"
                                            sling:resourceType="fd/af/components/commons/datasources/propertyprovider"
                                            guideDataModel="basic"
                                            guideNodeClass="guideTextBox"
                                            type="formatters"/>
                                        <granite:data
                                            jcr:primaryType="nt:unstructured"
                                            af.listeners.change="guidelib.touchlib.editLayer.dialogUtils.changePatternList('displayPattern', true);"/>
                                    </displayPatternType>
                                    <displayPictureClause
                                        jcr:primaryType="nt:unstructured"
                                        sling:resourceType="granite/ui/components/coral/foundation/form/textfield"
                                        fieldDescription="Pattern will be autofilled on selecting the type."
                                        fieldLabel="Pattern"
                                        name="./displayPictureClause">
                                        <granite:data
                                            jcr:primaryType="nt:unstructured"
                                            af.listeners.change="guidelib.touchlib.editLayer.dialogUtils.changePatternText('displayPattern');"
                                            af.listeners.onload="guidelib.touchlib.editLayer.dialogUtils.changePatternText('displayPattern');"/>
                                    </displayPictureClause>
                                </items>
                            </displayPatternGroup>
                            <validationPatternGroup
                                jcr:primaryType="nt:unstructured"
                                jcr:title="Validation Pattern"
                                sling:resourceType="fd/af/authoring/components/granite/form/fieldset"
                                title="Validation Pattern">
                                <items jcr:primaryType="nt:unstructured">
                                    <sameAsDisplayPattern
                                        jcr:primaryType="nt:unstructured"
                                        sling:resourceType="granite/ui/components/coral/foundation/form/checkbox"
                                        autoWidth="true"
                                        fieldLabel="Same as display pattern"
                                        name="./displayIsSameAsValidate"
                                        text="Same as display pattern"
                                        value="true">
                                        <granite:data
                                            jcr:primaryType="nt:unstructured"
                                            af.listeners.change="guidelib.touchlib.editLayer.dialogUtils.sameAsDisplayValPatternChange();"
                                            af.listeners.onload="guidelib.touchlib.editLayer.dialogUtils.sameAsDisplayValPatternChange();"/>
                                    </sameAsDisplayPattern>
                                    <validationPatternType
                                        jcr:primaryType="nt:unstructured"
                                        sling:resourceType="granite/ui/components/coral/foundation/form/select"
                                        fieldLabel="Type"
                                        name="./validationPatternType">
                                        <granite:data
                                            jcr:primaryType="nt:unstructured"
                                            af.listeners.change="guidelib.touchlib.editLayer.dialogUtils.changePatternList('validationPattern', true);"/>
                                        <datasource
                                            jcr:primaryType="nt:unstructured"
                                            sling:resourceType="fd/af/components/commons/datasources/propertyprovider"
                                            guideDataModel="basic"
                                            guideNodeClass="guideTextBox"
                                            type="formatters"/>
                                    </validationPatternType>
                                    <validatePictureClause
                                        jcr:primaryType="nt:unstructured"
                                        sling:resourceType="granite/ui/components/coral/foundation/form/textfield"
                                        fieldDescription="On selecting a type, the pattern field is filled automatically. Regular Expression is permitted."
                                        fieldLabel="Pattern"
                                        name="./validatePictureClause">
                                        <granite:data
                                            jcr:primaryType="nt:unstructured"
                                            af.listeners.change="guidelib.touchlib.editLayer.dialogUtils.changePatternText('validationPattern');"
                                            af.listeners.onload="guidelib.touchlib.editLayer.dialogUtils.changePatternText('validationPattern');"/>
                                    </validatePictureClause>
                                    <validatePictureClauseMessage
                                        jcr:primaryType="nt:unstructured"
                                        sling:resourceType="granite/ui/components/coral/foundation/form/textarea"
                                        fieldLabel="Error Message"
                                        name="./validatePictureClauseMessage"/>
                                </items>
                            </validationPatternGroup>
                        </items>
                    </patterns>
                </items>
            </accordion>
        </items>
    </content>
</jcr:root>
