<?xml version="1.0" encoding="UTF-8"?>
<jcr:root xmlns:sling="http://sling.apache.org/jcr/sling/1.0" xmlns:cq="http://www.day.com/jcr/cq/1.0" xmlns:jcr="http://www.jcp.org/jcr/1.0" xmlns:nt="http://www.jcp.org/jcr/nt/1.0"
    jcr:primaryType="cq:Page">
    <jcr:content
        cq:designPath="/etc/designs/fd/af/default"
        cq:deviceGroups="/etc/mobile/groups/responsive"
        cq:lastModified="{Date}2017-06-13T16:17:46.473+05:30"
        cq:lastModifiedBy="admin"
        cq:template="/apps/SARB/templates/blankTemplate2"
        jcr:primaryType="cq:PageContent"
        jcr:title="SARB Form Page"
        sling:resourceType="/apps/SARB/components/page/afStaticTemplatePage"
        guideComponentType="fd/af/templates">
        <guideContainer
            jcr:lastModified="{Date}2017-06-13T16:17:46.456+05:30"
            jcr:lastModifiedBy="admin"
            jcr:primaryType="nt:unstructured"
            sling:resourceType="fd/af/components/guideContainerWrapper"
            actionType="fd/fp/components/actions/portalsubmit"
            afVersion="{Long}1"
            guideCss="guideContainer"
            guideNodeClass="guideContainerNode"
            guideRef="/content/dam/formsanddocuments/formb21"
            name="guide1"
            themeRef="/content/dam/formsanddocuments-themes/themeLibrary/basicTheme"
            useExistingAF="true">
            <layout
                jcr:primaryType="nt:unstructured"
                sling:resourceType="fd/af/layouts/defaultGuideLayout"
                mobileLayout="fd/af/layouts/mobile/simple"
                toolbarPosition="Bottom"/>
            <rootPanel
                jcr:primaryType="nt:unstructured"
                jcr:title="Root Panel"
                sling:resourceType="fd/af/components/rootPanel"
                dorExcludeDescription="true"
                dorExcludeTitle="true"
                guideNodeClass="rootPanelNode"
                name="guideRootPanel"
                panelSetType="Navigable">
                <layout
                    jcr:primaryType="nt:unstructured"
                    sling:resourceType="fd/af/layouts/gridFluidLayout"
                    nonNavigable="{Boolean}true"
                    toolbarPosition="Bottom"/>
                <items jcr:primaryType="nt:unstructured"/>
            </rootPanel>
            <submissionMetaInfo
                jcr:primaryType="nt:unstructured"
                metadataselector="global"/>
        </guideContainer>
        <cq:responsive jcr:primaryType="nt:unstructured">
            <breakpoints jcr:primaryType="nt:unstructured">
                <smallScreen
                    jcr:primaryType="nt:unstructured"
                    title="Smaller Screen"
                    width="{Decimal}479"/>
                <phone
                    jcr:primaryType="nt:unstructured"
                    title="Phone"
                    width="{Decimal}767"/>
                <tablet
                    jcr:primaryType="nt:unstructured"
                    title="Tablet"
                    width="{Decimal}991"/>
            </breakpoints>
        </cq:responsive>
    </jcr:content>
    <b21/>
</jcr:root>
