<?xml version="1.0" encoding="UTF-8"?>
<jcr:root xmlns:sling="http://sling.apache.org/jcr/sling/1.0" xmlns:granite="http://www.adobe.com/jcr/granite/1.0" xmlns:cq="http://www.day.com/jcr/cq/1.0" xmlns:jcr="http://www.jcp.org/jcr/1.0" xmlns:nt="http://www.jcp.org/jcr/nt/1.0"
    jcr:primaryType="nt:unstructured"
    jcr:title="Edit component"
    sling:resourceType="cq/gui/components/authoring/dialog"
    extraClientlibs="[fp.touch.authoring.dialog,fp.draftandsubmission.touchAuthoring]"
    width="46rem">
    <content
        granite:class="fpDialog"
        jcr:primaryType="nt:unstructured"
        sling:resourceType="granite/ui/components/coral/foundation/container">
        <items jcr:primaryType="nt:unstructured">
            <tabs
                jcr:primaryType="nt:unstructured"
                sling:resourceType="granite/ui/components/coral/foundation/tabs"
                maximized="{Boolean}true">
                <items jcr:primaryType="nt:unstructured">
                    <generalConfiguration
                        jcr:primaryType="nt:unstructured"
                        jcr:title="General"
                        sling:resourceType="granite/ui/components/coral/foundation/container"
                        maximized="{Boolean}true">
                        <items jcr:primaryType="nt:unstructured">
                            <displayOptions
                                jcr:primaryType="nt:unstructured"
                                sling:resourceType="granite/ui/components/coral/foundation/form/select"
                                emptyText=""
                                fieldLabel="Select Tabs"
                                multiple="{Boolean}true"
                                name="./displayOptions"
                                text="Select">
                                <items jcr:primaryType="nt:unstructured">
                                    <draftOnly
                                        jcr:primaryType="nt:unstructured"
                                        text="Draft Forms"
                                        value="draftOnly"/>
                                    <submitOnly
                                        jcr:primaryType="nt:unstructured"
                                        text="Submitted Forms"
                                        value="submittedOnly"/>
                                    <pendingSignOnly
                                        jcr:primaryType="nt:unstructured"
                                        text="Pending Sign Forms"
                                        value="pendingSignOnly"/>
                                </items>
                            </displayOptions>
                            <defaultTab
                                jcr:primaryType="nt:unstructured"
                                sling:resourceType="granite/ui/components/coral/foundation/form/select"
                                emptyText=""
                                fieldDescription="Select the default tab"
                                fieldLabel="Default Tab"
                                name="./defaultTab">
                                <items jcr:primaryType="nt:unstructured">
                                    <empty
                                        jcr:primaryType="nt:unstructured"
                                        text=""
                                        value=""/>
                                    <draft
                                        jcr:primaryType="nt:unstructured"
                                        text="Draft Forms"
                                        value="draftTab"/>
                                    <submit
                                        jcr:primaryType="nt:unstructured"
                                        text="Submitted Forms"
                                        value="submittedGuideTab"/>
                                    <pendingSign
                                        jcr:primaryType="nt:unstructured"
                                        text="Pending Sign Forms"
                                        value="pendingSignGuideTab"/>
                                </items>
                            </defaultTab>
                            <chooseStyle
                                jcr:primaryType="nt:unstructured"
                                sling:orderBefore="preview"
                                sling:resourceType="granite/ui/components/coral/foundation/form/select"
                                emptyText=""
                                fieldLabel="Style"
                                name="./style"
                                text="Select">
                                <items jcr:primaryType="nt:unstructured">
                                    <empty
                                        jcr:primaryType="nt:unstructured"
                                        text=""
                                        value=""/>
                                    <nostyle
                                        jcr:primaryType="nt:unstructured"
                                        text="No Style"
                                        value="No Style"/>
                                    <defaultstyle
                                        jcr:primaryType="nt:unstructured"
                                        text="Default Style"
                                        value="Default Style"/>
                                    <customstyle
                                        jcr:primaryType="nt:unstructured"
                                        text="Custom Style"
                                        value="Custom Style"/>
                                </items>
                            </chooseStyle>
                            <totalResult
                                jcr:primaryType="nt:unstructured"
                                sling:resourceType="granite/ui/components/coral/foundation/form/numberfield"
                                defaultValue="5"
                                emptyText="5"
                                fieldDescription="Specify the number of drafts and submissions to display"
                                fieldLabel="Results Displayed"
                                maxLength="{Long}30"
                                name="./totalResult"/>
                            <customstyle
                                jcr:primaryType="nt:unstructured"
                                sling:resourceType="granite/ui/components/coral/foundation/form/pathbrowser"
                                editable="{Boolean}false"
                                fieldLabel="Custom Style Path"
                                name="./customStylePath"
                                predicate="nosystem"
                                rootPath="/"/>
                        </items>
                    </generalConfiguration>
                    <draftConfiguration
                        jcr:primaryType="nt:unstructured"
                        jcr:title="Draft Forms Tab"
                        sling:resourceType="granite/ui/components/coral/foundation/container"
                        maximized="{Boolean}true">
                        <items jcr:primaryType="nt:unstructured">
                            <draftTitleText
                                jcr:primaryType="nt:unstructured"
                                sling:resourceType="granite/ui/components/coral/foundation/form/textfield"
                                emptyText="Draft Forms"
                                fieldDescription="Specify a custom title for the Draft Forms tab"
                                fieldLabel="Custom Title "
                                name="./draftTitleText"/>
                            <templatePath
                                jcr:primaryType="nt:unstructured"
                                sling:resourceType="granite/ui/components/coral/foundation/form/select"
                                fieldLabel="Layout Template"
                                name="./draftTemplate">
                                <datasource
                                    jcr:primaryType="nt:unstructured"
                                    sling:resourceType="fd/fp/components/datasources/searchTemplates/drafts"/>
                            </templatePath>
                        </items>
                    </draftConfiguration>
                    <submittedFormsConfiguration
                        jcr:primaryType="nt:unstructured"
                        jcr:title="Submitted Forms Tab"
                        sling:resourceType="granite/ui/components/coral/foundation/container"
                        maximized="{Boolean}true">
                        <items jcr:primaryType="nt:unstructured">
                            <submittedTitleText
                                jcr:primaryType="nt:unstructured"
                                sling:resourceType="granite/ui/components/coral/foundation/form/textfield"
                                emptyText="Submitted Forms"
                                fieldDescription="Specify a custom title for the Submitted Forms tab"
                                fieldLabel="Custom Title "
                                name="./submittedTitleText"/>
                            <templatePath
                                jcr:primaryType="nt:unstructured"
                                sling:resourceType="granite/ui/components/coral/foundation/form/select"
                                emptyText=""
                                fieldLabel="Layout Template"
                                name="./submissionTemplate">
                                <datasource
                                    jcr:primaryType="nt:unstructured"
                                    sling:resourceType="fd/fp/components/datasources/searchTemplates/submissions"/>
                            </templatePath>
                        </items>
                    </submittedFormsConfiguration>
                    <pendingSignFormsConfiguration
                        jcr:primaryType="nt:unstructured"
                        jcr:title="Pending Sign Forms Tab"
                        sling:resourceType="granite/ui/components/coral/foundation/container"
                        maximized="{Boolean}true">
                        <items jcr:primaryType="nt:unstructured">
                            <prendingSignFormTitleText
                                jcr:primaryType="nt:unstructured"
                                sling:resourceType="granite/ui/components/coral/foundation/form/textfield"
                                emptyText="Pending Sign"
                                fieldDescription="Specify a custom title for the Pending Sign Forms tab"
                                fieldLabel="Custom Title "
                                name="./pendingSignFormTitleText"/>
                            <templatePath
                                jcr:primaryType="nt:unstructured"
                                sling:resourceType="granite/ui/components/coral/foundation/form/select"
                                fieldLabel="Layout Template"
                                name="./pendignSignTemplate">
                                <datasource
                                    jcr:primaryType="nt:unstructured"
                                    sling:resourceType="fd/fp/components/datasources/searchTemplates/pendingSign"/>
                            </templatePath>
                        </items>
                    </pendingSignFormsConfiguration>
                </items>
            </tabs>
        </items>
    </content>
</jcr:root>
