<?xml version="1.0" encoding="UTF-8"?>
<jcr:root xmlns:cq="http://www.day.com/jcr/cq/1.0" xmlns:jcr="http://www.jcp.org/jcr/1.0" xmlns:nt="http://www.jcp.org/jcr/nt/1.0"
    jcr:primaryType="nt:unstructured"
    jcr:title="guideField">
    <items jcr:primaryType="nt:unstructured">
        <field
            jcr:primaryType="nt:unstructured"
            jcr:title="Field"
            id="af_textbox"
            longTitle="Field"
            propertySheet="/mnt/overlay/fd/af/components/stylePropertySheet/common">
            <items jcr:primaryType="nt:unstructured">
                <widgetAndText
                    jcr:primaryType="nt:unstructured"
                    jcr:title="Text Box"
                    cssSelector=".textField input[type='text']"
                    id="af_textboxwidgetandtext"
                    jsonPostHandler="window.guidelib.touchlib.style.utils.widgetLabelPostHandler(' .guideFieldWidget.textField', options)"
                    longTitle="Text Box Widget"
                    propertySheet="/mnt/overlay/fd/af/components/stylePropertySheet/common"
                    secondarySelectors="af_guideContainer:af_widgetAndText">
                    <states jcr:primaryType="nt:unstructured">
                        <focus
                            jcr:primaryType="nt:unstructured"
                            jcr:title="Focus"
                            cssSelector=".textField input[type='text']:focus"/>
                        <disabled
                            jcr:primaryType="nt:unstructured"
                            jcr:title="Disabled"
                            cssSelector="\[data-disabled='true'] .textField input[type='text']"/>
                        <hover
                            jcr:primaryType="nt:unstructured"
                            jcr:title="Hover"
                            cssSelector=".textField input[type='text']:hover"/>
                        <error
                            jcr:primaryType="nt:unstructured"
                            jcr:title="Error"
                            cssSelector=".validation-failure .textField input[type='text']"/>
                        <success
                            jcr:primaryType="nt:unstructured"
                            jcr:title="Success"
                            cssSelector=".validation-success .textField input[type='text']"/>
                        <mandatory
                            jcr:primaryType="nt:unstructured"
                            jcr:title="Mandatory"
                            cssSelector="\[data-mandatory='true'] .textField input[type='text']"/>
                    </states>
                </widgetAndText>
                <textAreaWidgetAndText
                    jcr:primaryType="nt:unstructured"
                    jcr:title="Text Area"
                    cssSelector=".multiline.textField textArea"
                    id="af_textareawidgetandtext"
                    jsonPostHandler="window.guidelib.touchlib.style.utils.widgetLabelPostHandler(' .guideFieldWidget.textField.multiline', options)"
                    longTitle="Text Area Widget"
                    propertySheet="/mnt/overlay/fd/af/components/stylePropertySheet/common"
                    secondarySelectors="af_guideContainer:af_widgetAndText">
                    <states jcr:primaryType="nt:unstructured">
                        <focus
                            jcr:primaryType="nt:unstructured"
                            jcr:title="Focus"
                            cssSelector=".multiline.textField textArea:focus"/>
                        <disabled
                            jcr:primaryType="nt:unstructured"
                            jcr:title="Disabled"
                            cssSelector="\[data-disabled='true'] .multiline.textField textArea"/>
                        <hover
                            jcr:primaryType="nt:unstructured"
                            jcr:title="Hover"
                            cssSelector=".multiline.textField textArea:hover"/>
                        <error
                            jcr:primaryType="nt:unstructured"
                            jcr:title="Error"
                            cssSelector=".validation-failure .multiline.textField textArea"/>
                        <success
                            jcr:primaryType="nt:unstructured"
                            jcr:title="Success"
                            cssSelector=".validation-success .multiline.textField textArea"/>
                        <mandatory
                            jcr:primaryType="nt:unstructured"
                            jcr:title="Mandatory"
                            cssSelector="\[data-mandatory='true'] .multiline.textField textArea"/>
                    </states>
                </textAreaWidgetAndText>
                <richTextWidgetAndText
                    jcr:primaryType="nt:unstructured"
                    jcr:title="Rich Text Widget"
                    cssSelector=".textField .richTextWidget"
                    id="af_richtextwidgetandtext"
                    longTitle="Rich Text Widget"
                    propertySheet="/mnt/overlay/fd/af/components/stylePropertySheet/common">
                    <states jcr:primaryType="nt:unstructured">
                        <focus
                            jcr:primaryType="nt:unstructured"
                            jcr:title="Focus"
                            cssSelector=".textField .richTextWidget:focus"/>
                        <disabled
                            jcr:primaryType="nt:unstructured"
                            jcr:title="Disabled"
                            cssSelector="\[data-disabled='true'] .textField .richTextWidget"/>
                        <hover
                            jcr:primaryType="nt:unstructured"
                            jcr:title="Hover"
                            cssSelector=".textField .richTextWidget:hover"/>
                        <error
                            jcr:primaryType="nt:unstructured"
                            jcr:title="Error"
                            cssSelector=".validation-failure .textField .richTextWidget"/>
                        <success
                            jcr:primaryType="nt:unstructured"
                            jcr:title="Success"
                            cssSelector=".validation-success .textField .richTextWidget"/>
                        <mandatory
                            jcr:primaryType="nt:unstructured"
                            jcr:title="Mandatory"
                            cssSelector="\[data-mandatory='true'] .textField .richTextWidget"/>
                    </states>
                </richTextWidgetAndText>
            </items>
        </field>
    </items>
</jcr:root>
