<?xml version="1.0" encoding="UTF-8"?>
<jcr:root xmlns:sling="http://sling.apache.org/jcr/sling/1.0" xmlns:cq="http://www.day.com/jcr/cq/1.0" xmlns:jcr="http://www.jcp.org/jcr/1.0" xmlns:nt="http://www.jcp.org/jcr/nt/1.0"
    jcr:primaryType="cq:Page">
    <jcr:content
        cq:designPath="/etc/designs/fd/af/default"
        cq:deviceGroups="/etc/mobile/groups/responsive"
        cq:lastModified="{Date}2017-06-30T14:56:04.066+05:30"
        cq:lastModifiedBy="admin"
        cq:template="/apps/SARB/templates/blankTemplate2"
        jcr:primaryType="cq:PageContent"
        jcr:title="B21"
        sling:resourceType="/apps/SARB/components/structure/afStaticTemplatePage"
        guideComponentType="fd/af/templates">
        <guideContainer
            jcr:lastModified="{Date}2017-06-26T20:15:17.703+05:30"
            jcr:lastModifiedBy="admin"
            jcr:primaryType="nt:unstructured"
            sling:resourceType="fd/af/components/guideContainerWrapper"
            actionType="fd/fp/components/actions/portalsubmit"
            autoSaveStrategyType="fd/fp/components/actions/autosave/timebased"
            disableSwipeGesture="{Boolean}false"
            guideCss="guideContainer"
            guideNodeClass="guideContainerNode"
            guideRef="/content/dam/formsanddocuments/form-b21"
            name="guide1"
            textIsRich="true"
            thankYouMessage="Thank you for submitting the form."
            thankYouOption="page"
            themeRef="/content/dam/formsanddocuments-themes/themeLibrary/basicTheme"
            useExistingAF="true">
            <layout
                jcr:primaryType="nt:unstructured"
                sling:resourceType="fd/af/layouts/defaultGuideLayout"
                mobileLayout="fd/af/layouts/mobile/step"
                toolbarPosition="Bottom"/>
            <rootPanel
                jcr:primaryType="nt:unstructured"
                jcr:title="Root Panel"
                sling:resourceType="fd/af/components/rootPanel"
                dorExcludeDescription="true"
                dorExcludeTitle="true"
                guideNodeClass="rootPanelNode"
                name="guideRootPanel"
                panelSetType="Navigable">
                <layout
                    jcr:primaryType="nt:unstructured"
                    sling:resourceType="fd/af/layouts/gridFluidLayout"
                    nonNavigable="{Boolean}true"
                    toolbarPosition="Bottom"/>
                <items jcr:primaryType="nt:unstructured"/>
            </rootPanel>
            <autoSaveInfo
                jcr:primaryType="nt:unstructured"
                metadataselector="global"/>
            <signerInfo
                jcr:primaryType="nt:unstructured"
                firstSignerFormFiller="false"
                workflowType="SEQUENTIAL">
                <signer0
                    jcr:primaryType="nt:unstructured"
                    countryCode="undefined"
                    countryCodeSource="form"
                    email="undefined"
                    emailSource="userProfile"
                    phone="undefined"
                    phoneSource="form"
                    securityOption="NONE"
                    signerTitle="Signer One"/>
            </signerInfo>
            <submissionMetaInfo
                jcr:primaryType="nt:unstructured"
                metadataselector="global"/>
        </guideContainer>
        <cq:responsive jcr:primaryType="nt:unstructured">
            <breakpoints jcr:primaryType="nt:unstructured">
                <smallScreen
                    jcr:primaryType="nt:unstructured"
                    title="Smaller Screen"
                    width="{Decimal}479"/>
                <phone
                    jcr:primaryType="nt:unstructured"
                    title="Phone"
                    width="{Decimal}767"/>
                <tablet
                    jcr:primaryType="nt:unstructured"
                    title="Tablet"
                    width="{Decimal}991"/>
            </breakpoints>
        </cq:responsive>
    </jcr:content>
</jcr:root>
