<?xml version="1.0" encoding="UTF-8"?>
<jcr:root xmlns:sling="http://sling.apache.org/jcr/sling/1.0" xmlns:jcr="http://www.jcp.org/jcr/1.0" xmlns:nt="http://www.jcp.org/jcr/nt/1.0"
    jcr:primaryType="sling:OrderedFolder">
    <jcr:content
        jcr:primaryType="nt:unstructured"
        jcr:title="SARB">
        <folderThumbnail/>
    </jcr:content>
    <Logo_stick.png/>
    <thannkQ-tick-icon.png/>
    <_x0031_.jpg/>
    <_x0037_.jpg/>
    <banner-lg.png/>
    <bg-banner.jpg/>
    <loading.gif/>
    <Logo_main.png/>
    <accenture_logo.png/>
</jcr:root>
